{"cameraMode":{"drawMode":0,"name":"Shaded","section":"Shading Mode"},"sceneLighting":true,"audioPlay":false,"sceneViewState":{"m_AlwaysRefresh":false,"showFog":true,"showSkybox":true,"showFlares":true,"showImageEffects":true,"showParticleSystems":true,"showVisualEffectGraphs":true,"m_FxEnabled":true},"in2DMode":false,"pivot":{"x":24.186134338378908,"y":-47.037818908691409,"z":-83.05731964111328},"rotation":{"x":0.05518076941370964,"y":0.8894090056419373,"z":-0.4398899972438812,"w":0.11158131808042526},"size":55.030731201171878,"orthographic":false}