{"cameraMode":{"drawMode":0,"name":"Shaded","section":"Shading Mode"},"sceneLighting":true,"audioPlay":false,"sceneViewState":{"m_AlwaysRefresh":false,"showFog":true,"showSkybox":true,"showFlares":true,"showImageEffects":true,"showParticleSystems":true,"showVisualEffectGraphs":true,"m_FxEnabled":true},"in2DMode":false,"pivot":{"x":39.69572830200195,"y":-42.981048583984378,"z":56.321876525878909},"rotation":{"x":0.2579048275947571,"y":0.10697825253009796,"z":-0.028749877586960794,"w":0.9598225951194763},"size":124.47413635253906,"orthographic":false}